,中国:产成品存货:化学原料和化学制品制造业,中国:产成品存货:化学纤维制造业,中国:产成品存货:橡胶和塑料制品业,中国涤纶长丝月度产量,中国涤纶短纤月度产量,产量:乙烯:当月值,产量:低密度聚乙烯树酯(LDPE):当月值,产量:石脑油:当月值,产量:线型低密度聚乙烯树酯(LLDPE):当月值,产量:高密度聚乙烯树酯(HDPE):当月值
2013-01-31,,,,,,139.0,,,,
2013-02-28,23222018.8,4224076.0,8378520.4,,,132.4,,,,
2013-03-31,24095336.9,4467573.7,8525444.1,,,135.6,,,,
2013-04-30,24094462.4,4204363.4,8784981.7,,,125.3,11.7,,30.1,21.2
2013-05-31,23980200.7,4157487.8,9024428.5,,,133.2,15.1,,31.6,26.1
2013-06-30,24184130.1,4063731.0,8983827.0,,,131.63,16.6,,30.7,24.5
2013-07-31,23780092.2,4090825.0,9001653.4,,,132.4,17.4,,30.0,26.4
2013-08-31,23846931.9,4036287.8,9022619.1,,,125.81,17.2,,31.3,27.2
2013-09-30,23799129.2,4087410.6,9222634.1,,,126.53,16.5,,31.4,24.3
2013-10-31,24309565.6,4112341.6,9342554.2,,,148.84,17.1,,29.6,22.6
2013-11-30,24224039.5,4065384.0,9388239.1,,,150.43,17.6,,31.4,22.9
2013-12-31,24247475.5,3935363.8,9532782.9,,,153.26,18.0,,36.9,22.2
2014-01-31,,,,1540.0,310.0,,,,,
2014-02-28,25838499.9,4216186.9,9398451.7,1355.0,280.0,,,,,
2014-03-31,26697793.1,3941621.0,9896076.6,1805.0,330.0,144.9,12.4,,35.8,24.3
2014-04-30,26354014.0,3808685.6,10173595.0,1905.0,332.0,134.23,13.3,,30.9,24.4
2014-05-31,26587234.9,3860752.7,10294997.8,1990.0,334.0,139.95,16.1,,36.6,32.0
2014-06-30,26484657.2,3760518.6,10440192.2,1840.0,341.0,140.59,16.3,,37.6,30.1
2014-07-31,27054950.8,4134311.7,10561783.3,1755.0,328.0,149.27,16.0,,38.1,29.5
2014-08-31,27223669.3,4055905.5,10763589.8,1732.0,312.0,146.76,16.7,,37.4,30.7
2014-09-30,27198689.5,4055511.4,10815109.4,1765.0,312.0,149.98,17.3,,37.7,26.9
2014-10-31,27760951.0,3897138.8,11062421.8,1835.0,316.0,152.0,19.9,,38.4,29.7
2014-11-30,27877817.2,3805936.2,11240939.5,1858.0,301.1,147.0,18.4,,34.9,35.9
2014-12-31,27417519.0,3768930.1,11222189.8,1880.0,355.5,149.3,18.3,,35.6,35.2
2015-01-31,,,,1860.0,338.42,,,,,
2015-02-28,27664481.5,3825421.0,10599445.9,1424.5,305.6,142.3,,,,
2015-03-31,27924960.3,3763026.0,10672658.1,1760.0,389.6,146.0,15.2,,43.7,31.4
2015-04-30,28051764.5,3695961.8,10912573.4,1980.0,385.4,123.0,15.0,,42.7,31.5
2015-05-31,28222527.9,3894405.5,11129753.2,2065.0,381.9,129.0,18.6,,42.1,35.7
2015-06-30,28591233.9,4074152.2,11275468.3,1950.0,357.1,143.0,18.7,,48.0,35.9
2015-07-31,28991758.8,4112070.0,11495172.0,1930.0,322.16,146.0,19.8,,45.1,36.1
2015-08-31,27955809.0,3987555.5,11644869.8,1970.0,325.12,151.0,20.6,,45.1,34.3
2015-09-30,27803482.4,4008766.7,11598191.5,2032.0,367.9,155.0,20.1,,47.9,38.2
2015-10-31,28342393.0,4000829.4,11698245.9,2073.0,357.7,156.48,20.2,,46.0,36.8
2015-11-30,28942000.0,4066000.0,11866000.0,2040.0,362.1,145.9,21.2,,41.0,35.2
2015-12-31,28311000.0,3957000.0,11829000.0,2020.0,372.6,154.1,21.1,,47.1,35.1
2016-01-31,,,,1745.0,304.9,,16.5,,47.2,
2016-02-29,28066000.0,3765000.0,11007000.0,1375.0,280.1,,21.3,,55.6,
2016-03-31,27595000.0,3751000.0,11274000.0,2015.0,351.1,161.5,19.9,,47.1,34.5
2016-04-30,27149000.0,3735000.0,11233000.0,2035.0,380.5,146.8,19.1,,47.7,28.8
2016-05-31,27283000.0,3904000.0,11252000.0,2130.0,367.3,150.3,22.3,,44.0,32.1
2016-06-30,27320000.0,3915000.0,11329000.0,2045.0,372.7,139.0,18.2,,45.1,34.3
2016-07-31,27375000.0,3836000.0,11441000.0,2110.0,389.9,146.1,22.4,2832000.0,45.1,37.9
2016-08-31,27258000.0,3765000.0,11622000.0,1900.0,403.0,138.7,23.5,2567000.0,43.2,33.7
2016-09-30,27575000.0,3676000.0,11594000.0,1810.0,398.3,132.3,22.4,2557000.0,40.9,31.3
2016-10-31,27690000.0,3706000.0,11685000.0,2150.0,412.7,146.6,24.9,2820000.0,49.3,36.1
2016-11-30,27937000.0,3601000.0,11933000.0,2125.0,398.6,145.3,24.9,2771000.0,48.2,35.2
2016-12-31,27909000.0,3455000.0,12004000.0,2225.0,393.7,152.41,26.1,2852000.0,47.9,37.3
2017-01-31,,,,1972.0,382.8,,,,,
2017-02-28,28486000.0,3866000.0,11124000.0,1768.0,379.61,,,,,
2017-03-31,29508000.0,4208000.0,11565000.0,2152.47,416.2,158.8,24.7,2921000.0,49.8,37.4
2017-04-30,30033000.0,4275000.0,11942000.0,2108.05,413.8,149.6,23.7,2727000.0,46.8,34.4
2017-05-31,29839000.0,4189000.0,12188000.0,2178.46,413.8,148.1,21.1,2804000.0,47.0,34.2
2017-06-30,29123000.0,4017000.0,12251000.0,2146.58,412.7,135.0,24.4,2651000.0,42.2,32.1
2017-07-31,29056000.0,4005000.0,12451000.0,2241.44,417.0,148.3,26.3,2701000.0,46.3,34.2
2017-08-31,28749000.0,3878000.0,12462000.0,2234.88,428.3,159.9,25.3,2769000.0,49.5,37.6
2017-09-30,28445000.0,3789000.0,12530000.0,2193.33,421.4,157.0,25.6,2621000.0,49.0,35.0
2017-10-31,29116000.0,3944000.0,12709000.0,2339.71,435.5,160.5,26.2,2915000.0,47.2,36.8
2017-11-30,28941000.0,3986000.0,12783000.0,2276.0,438.9,154.8,26.3,2745000.0,45.5,36.9
2017-12-31,29094000.0,3754000.0,12804000.0,2375.58,439.1,160.3,26.4,3034000.0,46.8,37.7
2018-01-31,,,,2308.46,449.9,,24.1,,60.46,48.03
2018-02-28,28727000.0,3991000.0,11720000.0,1800.59,392.0,,25.3,,60.0,46.8
2018-03-31,29673000.0,4115000.0,12084000.0,2324.85,441.1,160.0,24.1,3172000.0,59.5,46.3
2018-04-30,28772000.0,3886000.0,11945000.0,2385.0,473.9,152.2,21.7,2920000.0,57.9,45.7
2018-05-31,28907000.0,4022000.0,12423000.0,2500.0,496.9,141.0,24.9,2779000.0,55.4,44.6
2018-06-30,28678000.0,4065000.0,12562000.0,2447.0,509.5,146.4,25.5,2790000.0,56.2,41.3
2018-07-31,29313000.0,4174000.0,12861000.0,2530.0,504.6,158.4,26.4,3007000.0,62.2,43.3
2018-08-31,29606000.0,4158000.0,13187000.0,2678.0,465.7,158.0,24.1,2680000.0,57.5,57.4
2018-09-30,29449000.0,4810000.0,13005000.0,2475.4,393.1,161.0,,2972000.0,,
2018-10-31,30655000.0,5173000.0,13129000.0,2558.0,408.76,160.8,21.11,3103000.0,53.78,65.85
2018-11-30,30813000.0,5145000.0,13153000.0,2468.0,476.7,145.3,21.95,3016000.0,49.98,59.74
2018-12-31,29623000.0,4670000.0,12699000.0,2558.0,483.41,160.2,22.5,3566000.0,61.55,59.14
2019-01-31,,,,2335.0,494.4,,22.74,,65.82,57.85
2019-02-28,29080000.0,4874000.0,11323000.0,2010.0,467.8,,21.8,,59.91,56.7
2019-03-31,27003000.0,4564000.0,11251000.0,2679.0,532.9,174.9,23.74,3190000.0,61.83,65.3
2019-04-30,27996000.0,4812000.0,11849000.0,2648.0,523.2,169.3,21.48,2973000.0,58.15,62.75
2019-05-31,28662000.0,4919000.0,12136000.0,2719.0,524.6,171.4,22.81,2980000.0,58.12,64.22
2019-06-30,28124000.0,4484000.0,12252000.0,2626.0,513.72,166.0,21.96,3162000.0,57.74,62.21
2019-07-31,28280000.0,4614000.0,12435000.0,2663.0,546.4,168.4,22.98,3024000.0,65.32,60.92
2019-08-31,27646000.0,4597000.0,12617000.0,2700.0,540.0,164.5,20.44,3120000.0,62.46,60.35
2019-09-30,27079000.0,4565000.0,12421000.0,2768.0,557.6,166.3,22.23,3262000.0,61.32,57.47
2019-10-31,28063000.0,4636000.0,12519000.0,2831.0,533.1,173.6,24.91,3247000.0,62.98,63.63
2019-11-30,28077000.0,4566000.0,12713000.0,2736.0,528.9,177.8,23.26,3127000.0,62.75,66.87
2019-12-31,27482000.0,4335000.0,12683000.0,2686.0,539.6,186.4,25.57,3455000.0,70.06,66.43
2020-01-31,,,,2273.0,494.6,,25.36,,75.43,65.44
2020-02-29,31482000.0,5685000.0,12222000.0,1804.0,401.4,,21.91,,67.02,62.59
2020-03-31,31146000.0,5680000.0,12675000.0,2595.0,512.1,173.4,25.8,3275000.0,74.9,68.75
2020-04-30,29621000.0,5289000.0,12900000.0,2726.0,569.0,167.5,22.84,3367000.0,65.5,72.4
2020-05-31,29105000.0,5210000.0,12916000.0,2857.0,601.7,168.0,21.94,3222000.0,64.46,74.28
2020-06-30,28452000.0,5331000.0,12909000.0,2822.0,581.6,159.3,20.35,3234000.0,57.17,70.76
2020-07-31,28282000.0,5608000.0,12765000.0,2936.0,627.4,173.8,22.22,3535000.0,55.4,74.15
2020-08-31,28076000.0,5538000.0,12899000.0,3042.0,626.7,178.8,27.43,3499000.0,62.96,82.57
2020-09-30,27262000.0,5297000.0,12925000.0,2992.0,640.3,187.4,25.6,3756000.0,69.94,80.2
2020-10-31,27756000.0,4874000.0,12953000.0,3114.0,673.6,202.4,24.9,3769000.0,72.64,79.19
2020-11-30,27926000.0,4644000.0,13169000.0,3098.0,653.2,198.4,23.69,3982000.0,75.42,78.97
2020-12-31,27724000.0,4420000.0,13462000.0,3210.2,642.0,208.4,25.64,3932000.0,84.6,81.77
2021-01-31,,,,3066.7,597.0,,28.16,,87.45,82.25
2021-02-28,30042000.0,4740000.0,13230000.0,2467.3,549.0,,,,,
2021-03-31,30497000.0,5233000.0,13697000.0,3326.1,668.0,248.9,26.3,4178000.0,85.1,86.0
2021-04-30,30675000.0,5569000.0,14207000.0,3285.69,665.0,220.9,22.07,3506000.0,75.05,78.83
2021-05-31,31906000.0,5784000.0,14772000.0,3300.4,670.2,228.0,23.27,3951000.0,81.52,83.1
2021-06-30,31809000.0,5515000.0,15075000.0,3126.9,632.9,232.5,22.58,3711000.0,84.57,81.67
2021-07-31,31630000.0,5768000.0,15491000.0,3476.9,667.8,238.0,22.69,3822000.0,81.39,88.28
2021-08-31,32570000.0,6157000.0,15785000.0,3351.1,598.5,231.0,22.8,3910000.0,82.6,85.6
2021-09-30,32381000.0,6055000.0,15399000.0,2942.9,517.2,222.5,21.3,4221000.0,91.2,91.1
2021-10-31,34666000.0,5786000.0,15650000.0,2819.9,510.1,231.74,23.05,4528000.0,93.74,95.82
2021-11-30,36330000.0,6028000.0,16116000.0,3092.5,507.9,231.3,22.27,4818000.0,94.81,89.71
2021-12-31,36633000.0,5724000.0,16491000.0,3165.09,624.9,245.4,23.49,4939000.0,107.01,92.04
2022-01-31,,,,3183.1,618.6,,23.97,,112.07,100.75
2022-02-28,38572000.0,6785000.0,15988000.0,3046.7,570.1,,22.88,,101.52,92.22
2022-03-31,39592000.0,7203000.0,16724000.0,3496.52,652.5,236.45,24.9,4401000.0,102.14,92.69
2022-04-30,39998000.0,7379000.0,17079000.0,3025.01,530.7,217.8,24.76,4035000.0,80.18,79.21
2022-05-31,41237000.0,7600000.0,17292000.0,3095.49,527.0,244.4,26.34,4048000.0,90.74,89.41
2022-06-30,41733000.0,7972000.0,17105000.0,3170.22,585.9,240.17,23.67,4353000.0,91.07,87.02
2022-07-31,42637000.0,7939000.0,17276000.0,2989.74,639.2,224.35,21.99,4172000.0,94.28,85.79
2022-08-31,41408000.0,7759000.0,17196000.0,3109.23,633.5,222.0,21.73,4316000.0,88.79,91.38
2022-09-30,40111000.0,7393000.0,17196000.0,3387.73,585.3,244.5,23.44,4980000.0,87.63,98.91
2022-10-31,41777000.0,7525000.0,17491000.0,3375.22,613.4,261.3,26.95,5070000.0,96.65,102.49
2022-11-30,42381000.0,7302000.0,17778000.0,2769.77,602.5,250.9,26.83,5088000.0,94.92,96.5
2022-12-31,41257000.0,6576000.0,17666000.0,2309.39,608.7,264.7,27.21,5339000.0,101.59,95.02
2023-01-31,,,,1977.86,576.2,,27.67,,101.8,101.7
2023-02-28,43339000.0,7042000.0,17012000.0,2505.58,541.0,,25.35,,93.0,92.59
2023-03-31,43498000.0,6973000.0,17223000.0,3556.56,660.8,261.19,28.06,5864000.0,104.49,103.5
2023-04-30,43188000.0,6774000.0,17441000.0,3533.71,576.2,274.4,27.85,5372000.0,97.3,108.33
2023-05-31,43607000.0,6670000.0,17467000.0,3675.39,540.7,261.65,28.54,5804000.0,92.8,113.94
2023-06-30,41503000.0,6856000.0,17245000.0,3683.93,567.5,238.39,24.27,6981000.0,90.9,110.8
2023-07-31,41465000.0,6939000.0,17367000.0,3874.21,605.5,240.8,21.13,6450000.0,100.45,102.94
2023-08-31,40524000.0,6985000.0,17488000.0,3870.93,646.7,264.3,25.74,6382000.0,98.83,112.42
2023-09-30,40245000.0,7019000.0,17254000.0,3773.1,622.1,263.88,25.84,6496000.0,96.87,111.53
2023-10-31,41724000.0,7251000.0,17592000.0,3897.64,669.9,282.2,26.02,7021000.0,103.11,116.66
2023-11-30,41907000.0,7283000.0,17865000.0,3787.55,660.6,269.4,26.89,7074000.0,100.99,112.72
2023-12-31,41458000.0,7110000.0,17995000.0,3873.95,680.9,271.49,28.1,7347000.0,107.36,116.16
2024-01-31,,,,3709.64,639.7,,28.2,,105.88,106.73
2024-02-29,44323000.0,8067000.0,17342000.0,3238.19,536.2,,24.83,,102.38,100.91
2024-03-31,44116000.0,8276000.0,17821000.0,3884.93,671.1,277.3,27.2,6802000.0,110.45,107.39
2024-04-30,43147000.0,8224000.0,18200000.0,3822.52,676.0,248.9,26.96,6528000.0,96.09,100.81
2024-05-31,43067000.0,8140000.0,18505000.0,3798.41,697.2,257.0,27.56,6321000.0,91.11,107.32
2024-06-30,43541000.0,8332000.0,18660000.0,3640.73,720.0,260.92,25.52,6246000.0,88.47,107.04
2024-07-31,44302000.0,8713000.0,18808000.0,3694.44,721.1,,,,,
2024-08-31,,,,,658.7,,,,,
